rmseTrain,rSquaredTrain,rmseValid,rSquaredValid,rmse,rSquared,pValid,nodeID,target,binsPerColumn,numberPerBin,trainRows,validRows,versionStr
0.584046190928999,0.997664853927671,0.576990851998313,0.997715957158737,0.582993357695086,0.997672424999092,0.15,001e06305a12,temperature_airmar,2000,4,36704,6477,UTD_V2_2021_07_09_16_06_27
2.07840752476263,0.985900657489638,2.08275669397452,0.985851787353856,2.07906049482578,0.98589315677214,0.15,001e06305a12,humidity_airmar,2000,4,37790,6669,UTD_V2_2021_07_09_16_06_27
0.000756087040537227,0.993778962954579,0.000766093328399253,0.993718705864866,0.000757596409119505,0.993769465451872,0.15,001e06305a12,pressure_airmar,2000,4,33184,5856,UTD_V2_2021_07_09_16_06_27
0.491093607493941,0.997592616881496,0.49490716179062,0.997546677097093,0.491667561338516,0.997585667901422,0.15,001e06305a12,dewPoint_airmar,2000,4,37131,6553,UTD_V2_2021_07_09_16_06_27
0.571310842781744,0.99776046619061,0.567736252751323,0.997791477448193,0.570776073160998,0.997764952946804,0.15,001e06305a12,temperature_airmar,2000,4,36708,6478,UTD_V2_2021_07_09_16_49_50
2.02202320034421,0.986643077474712,2.07465655886358,0.986005467371172,2.03000502399692,0.986546378726281,0.15,001e06305a12,humidity_airmar,2000,4,37792,6669,UTD_V2_2021_07_09_16_49_50
0.000778780407416367,0.993390826795785,0.000781209833009772,0.993308932347756,0.000779145301046282,0.993378488484994,0.15,001e06305a12,pressure_airmar,2000,4,33105,5842,UTD_V2_2021_07_09_16_49_50
0.481770362707948,0.997685944338945,0.481565490071796,0.997670996198482,0.481739635489516,0.997683917660605,0.15,001e06305a12,dewPoint_airmar,2000,4,37097,6547,UTD_V2_2021_07_09_16_49_50
0.576648501632102,0.99805593944232,0.578413667764764,0.998125309937121,0.57691349317749,0.998061829631671,0.15,001e06305a12,temperature_airmar,100,4,2353,415,UTD_V2_2021_07_09_17_13_48
2.26471806339734,0.985470023999556,2.33622309342401,0.98526999721154,2.27558313374276,0.985425682493243,0.15,001e06305a12,humidity_airmar,100,4,2347,414,UTD_V2_2021_07_09_17_13_48
0.000758466010250937,0.994705832287168,0.000739730527326086,0.994929421861393,0.000755683633315427,0.994738385617171,0.15,001e06305a12,pressure_airmar,100,4,2367,418,UTD_V2_2021_07_09_17_13_48
0.494796948371256,0.997709201835728,0.453688701125903,0.997998661682787,0.488857583914752,0.997749555630478,0.15,001e06305a12,dewPoint_airmar,100,4,2366,417,UTD_V2_2021_07_09_17_13_48
2.53037069362365,0.849039120118234,2.54014717972278,0.832152976690387,2.53183883562528,0.846863248270114,0.15,001e06305a12,pm1_palas,100,4,3385,597,UTD_V2_2021_07_09_17_22_18
2.70317362131204,0.893262729645257,3.90760687106333,0.773386930433641,2.9157123516529,0.874769003063805,0.15,001e06305a12,pm2_5_palas,100,4,3202,565,UTD_V2_2021_07_09_17_22_18
4.57330027451202,0.88592124823433,5.48277977337162,0.845167710775963,4.72089315727688,0.879450583100266,0.15,001e06305a12,pm4_palas,100,4,3440,607,UTD_V2_2021_07_09_17_22_18
8.19241041354203,0.844491148838616,17.3947728453287,0.538718617678995,10.1219291947205,0.77750758225777,0.15,001e06305a12,pm10_palas,100,4,2707,478,UTD_V2_2021_07_09_17_22_18
1.94407534208017,0.901316159411658,2.22582615003258,0.878124056804533,1.9888938887323,0.897399286688717,0.15,001e06323a12,pm1_palas,100,4,3841,678,UTD_V2_2021_07_09_17_25_50
3.68769018512671,0.768429478132031,3.9072561846657,0.755407889633396,3.72147448431801,0.766368861560844,0.15,001e06323a12,pm2_5_palas,100,4,3652,645,UTD_V2_2021_07_09_17_25_50
0.595811826505679,0.997952502584929,0.607762927552455,0.997780418966016,0.59762059614715,0.997926515680282,0.15,001e06305a12,temperature_airmar,100,4,2356,416,UTD_V2_2021_07_11_09_56_37
2.42993323789017,0.983483763393194,2.43590219560509,0.983473055973506,2.43082854294752,0.983456550305845,0.15,001e06305a12,humidity_airmar,100,4,2349,414,UTD_V2_2021_07_11_09_56_37
0.000739070743615288,0.995033767227423,0.000733912112694095,0.994949798954782,0.000738299524366185,0.995021488613941,0.15,001e06305a12,pressure_airmar,100,4,2364,417,UTD_V2_2021_07_11_09_56_37
0.488868454578786,0.997749851502754,0.492039306370893,0.997840415973987,0.489345677465594,0.997762627114982,0.15,001e06305a12,dewPoint_airmar,100,4,2367,418,UTD_V2_2021_07_11_09_56_37
2.43144468256135,0.858130858323133,3.19240480762477,0.765191798835341,2.55997588563016,0.84288082414488,0.15,001e06305a12,pm1_palas,100,4,3391,598,UTD_V2_2021_07_11_09_56_37
3.094044053327,0.861484911762084,3.87322619479848,0.765049805067903,3.22291916916339,0.847531932754234,0.15,001e06305a12,pm2_5_palas,100,4,3197,564,UTD_V2_2021_07_11_09_56_37
5.59051681990732,0.830483805978159,6.16488446784671,0.787116906199901,5.6803829771874,0.823985368314578,0.15,001e06305a12,pm4_palas,100,4,3411,602,UTD_V2_2021_07_11_09_56_37
10.1930996597504,0.76427465206171,14.6617811295143,0.628028265399598,10.9800410612465,0.738607649611792,0.15,001e06305a12,pm10_palas,100,4,2714,479,UTD_V2_2021_07_11_09_56_37
0.564868234890933,0.998626647677386,0.539474412253367,0.99876407676241,0.561134286210035,0.998645804136985,0.15,001e06323a12,temperature_airmar,100,4,2285,403,UTD_V2_2021_07_11_10_05_52
2.78073020772835,0.977939510751222,2.88577873661999,0.977413437916161,2.79673329900169,0.97786118005783,0.15,001e06323a12,humidity_airmar,100,4,2364,417,UTD_V2_2021_07_11_10_05_52
10.2627333770769,2.5436533231315e-30,10.283953151837,1.10639332436122e-32,10.2659215422301,2.07572609140059e-30,0.15,001e06305a12,pm1_palas,100,4,3380,597,UTD_V2_2021_07_11_10_15_56
15.3067671131607,4.04789673297916e-33,15.3383959355016,1.29346922147993e-31,15.311518539343,2.77382029141671e-31,0.15,001e06305a12,pm2_5_palas,100,4,3205,566,UTD_V2_2021_07_11_10_15_56
2.82477219207886,0.811000906163062,3.7081311833973,0.697295014898374,2.97411076061272,0.791994778889263,0.15,001e06305a12,pm1_palas,100,4,3387,598,UTD_V2_2021_07_11_10_20_48
3.22779594652834,0.84282923825291,4.39401254510021,0.760403250561431,3.42826971849214,0.826905920677737,0.15,001e06305a12,pm2_5_palas,100,4,3193,564,UTD_V2_2021_07_11_10_20_48
4.01289058235526,0.914209879317779,5.14513339100302,0.853901436627112,4.20212843861248,0.905181618378219,0.15,001e06305a12,pm4_palas,100,4,3419,603,UTD_V2_2021_07_11_10_20_48
2.67574012890749,0.830619416688221,2.88849096974267,0.794581857703301,2.70873471196444,0.82512407073824,0.15,001e06305a12,pm1_palas,100,4,3381,597,UTD_V2_2021_07_11_10_35_56
2.72277499217508,0.889540629680449,3.46041769684957,0.824728724211767,2.84569052414232,0.879516632701389,0.15,001e06305a12,pm2_5_palas,100,4,3200,565,UTD_V2_2021_07_11_10_35_56
2.33809607692105,0.855183416616512,2.4801468521802,0.85156586955753,2.35996172025778,0.854704786481616,0.15,001e06323a12,pm1_palas,100,4,3828,676,UTD_V2_2021_07_11_11_00_29
10.4457741942042,0.0379866104544218,10.3687447094788,0.0355882556829593,10.4342594322326,0.0376371775163419,0.15,001e06323a12,pm1_palas,100,4,3832,676,UTD_V2_2021_07_11_11_11_40
15.5626604215604,5.56508434573967e-31,15.5051999800032,4.75775471226081e-32,15.5540575395746,3.75503169524212e-31,0.15,001e06323a12,pm2_5_palas,100,4,3679,649,UTD_V2_2021_07_11_11_11_40
10.4226218994747,1.08604540616902e-10,10.4127792687049,1.06972723824802e-07,10.4211458800972,9.760310017509e-12,0.15,001e06323a12,pm1_palas,100,4,3847,679,UTD_V2_2021_07_11_11_12_40
2.04196571787934,0.891489693784709,2.73643433723679,0.809081761441693,2.16037209308048,0.878781698274632,0.15,001e06323a12,pm1_palas,100,4,3838,677,UTD_V2_2021_07_11_11_13_42
10.4565485241288,5.9515619866731e-31,10.4846683206658,5.11927963316536e-32,10.4607738010469,2.07304777767261e-31,0.15,001e06323a12,pm1_palas,100,4,3845,679,UTD_V2_2021_07_11_11_32_47
15.5852927596845,6.94732489099139e-31,15.5402842688328,3.05143108021233e-34,15.5785450671096,2.32025055387267e-31,0.15,001e06323a12,pm2_5_palas,100,4,3652,645,UTD_V2_2021_07_11_11_32_47
10.4368388574059,2.16069775017619e-33,10.4027912994276,1.44625873193217e-31,10.4317414361657,8.5237590066641e-32,0.15,001e06323a12,pm1_palas,100,4,3850,679,UTD_V2_2021_07_11_11_38_41
15.5572892196254,4.11052189689161e-35,15.5410912473051,6.81364327638673e-32,15.5548615328901,6.79585955210031e-31,0.15,001e06323a12,pm2_5_palas,100,4,3685,650,UTD_V2_2021_07_11_11_38_41
20.5658447898448,1.14196818867215e-31,20.4293226462317,2.51971871571087e-31,20.545428819844,1.88502553314264e-32,0.15,001e06323a12,pm4_palas,100,4,3843,678,UTD_V2_2021_07_11_11_38_41
1.29005449712202,0.998250056245901,1.2959667745991,0.998274899539851,1.29094181559714,0.998254740541929,0.15,001e06323a12,temperature_airmarK,100,4,1612,284,UTD_V2_2021_07_13_16_08_42
1.32063239611965,0.998177584025573,1.2741067630513,0.998205855269993,1.31376101985406,0.998184748508916,0.15,001e06323a12,temperature_airmarK,100,4,1610,284,UTD_V2_2021_07_13_16_09_46
1.34149146028169,0.998116218213914,1.15743097317413,0.998616441736689,1.31554366319742,0.998184101833395,0.15,001e06323a12,temperature_airmarK,100,4,1605,283,UTD_V2_2021_07_13_16_11_11
1.30478472392994,0.998193889326472,1.25812097867336,0.998401675988743,1.29789819964926,0.998226091191376,0.15,001e06323a12,temperature_airmarK,100,4,1611,284,UTD_V2_2021_07_13_16_40_27
0.000272745057980172,0.99724234038469,0.000256719916669983,0.997663483766219,0.0002704014443992,0.997307013362752,0.15,001e06323a12,pressure_airmarMBLog,100,4,1694,299,UTD_V2_2021_07_13_16_40_27
1.25677296118644,0.998359721817936,1.33391957441843,0.99794619410391,1.26863571496393,0.998302035472899,0.15,001e06323a12,temperature_airmarK,100,4,1605,283,UTD_V2_2021_07_13_16_41_38
0.00026667884956288,0.997347695616948,0.000254245525651994,0.997747801863839,0.000264851370697924,0.997410807699882,0.15,001e06323a12,pressure_airmarMBLog,100,4,1689,298,UTD_V2_2021_07_13_16_41_38
1.31347092068699,0.998183385547058,1.17340617514487,0.998514581866658,1.2934427652801,0.99823353053925,0.15,001e06323a12,temperature_airmarK,100,4,1605,283,UTD_V2_2021_07_13_16_43_51
0.000271422897524582,0.997260584111613,0.000280022222268527,0.997322039891461,0.000272730954899111,0.997265823865931,0.15,001e06323a12,pressure_airmarMBLog,100,4,1693,299,UTD_V2_2021_07_13_16_43_51
0.00422038192621523,0.242019826694368,0.00432487722222451,0.185390197961761,0.00423622054557515,0.233753015006305,0.15,001e06323a12,pressure_airmarMBLog,100,4,1700,300,UTD_V2_2021_07_13_16_43_51
1.29793591954913,0.998205747870629,1.18984922485784,0.998560947802187,1.28227611832184,0.998263014564048,0.15,001e06323a12,temperature_airmarK,100,4,1606,284,UTD_V2_2021_07_13_17_08_58
0.000268655247176672,0.997354357155165,0.000274521898705964,0.99702842071804,0.000269542937583264,0.997308366898645,0.15,001e06323a12,pressure_airmarMBLog,100,4,1684,297,UTD_V2_2021_07_13_17_08_58
1.29348781449396,0.998263249626519,1.34175058595802,0.997945533411492,1.30085431893129,0.998220688060239,0.15,001e06323a12,temperature_airmarK,100,4,1606,284,UTD_V2_2021_07_13_17_11_40
0.000270226865705843,0.997302923923297,0.000276531974054566,0.997142589111776,0.000271182778188534,0.997280260313896,0.15,001e06323a12,pressure_airmarMBLog,100,4,1687,298,UTD_V2_2021_07_13_17_11_40
4.20627476157893,0.955411719819189,4.30876504978199,0.953303090860558,4.22183289296651,0.955028836458833,0.15,001e06323a12,humidity_airmar,100,4,1691,299,UTD_V2_2021_07_13_17_11_40
1.2421946507792,0.998357876691082,1.20350528043707,0.998582232154594,1.23646943718381,0.998388900051992,0.15,001e06323a12,temperature_airmarK,100,4,1604,283,UTD_V2_2021_07_13_17_15_38
0.000271710716853421,0.997243933324512,0.000254284881651282,0.997764465393216,0.000269167912712856,0.997322956551791,0.15,001e06323a12,pressure_airmarMBLog,100,4,1688,298,UTD_V2_2021_07_13_17_15_38
4.21318475054082,0.95543194285491,3.99488843452022,0.958386325204085,4.18120463733391,0.955885517716339,0.15,001e06323a12,humidity_airmar,100,4,1691,298,UTD_V2_2021_07_13_17_15_38
1.38611413923694,0.997959256294408,1.3387741710723,0.998208835461629,1.37912291187979,0.997999216367486,0.15,001e06323a12,temperature_airmarK,100,4,1611,284,UTD_V2_2021_07_13_18_34_14
0.000262720791568328,0.997460004430238,0.000282521875883409,0.997075935928446,0.000265787053300857,0.997402418516682,0.15,001e06323a12,pressure_airmarMBLog,100,4,1693,299,UTD_V2_2021_07_13_18_34_14
4.21806325177163,0.954924550314292,4.09964066267069,0.959132045412533,4.20048324631313,0.955522092619185,0.15,001e06323a12,humidity_airmar,100,4,1691,299,UTD_V2_2021_07_13_18_34_14
1.24571683405338,0.998351098290119,1.22308271699698,0.998485975180015,1.24234205559891,0.998370557405994,0.15,001e06323a12,temperature_airmarK,100,4,1606,284,UTD_V2_2021_07_13_18_35_06
0.000268087576746192,0.997349674191444,0.000265748326627932,0.997467544618098,0.000267737582208824,0.997365754776463,0.15,001e06323a12,pressure_airmarMBLog,100,4,1692,299,UTD_V2_2021_07_13_18_35_06
4.1787625252675,0.955826127342864,4.29868369034087,0.953432043990114,4.19699957828298,0.95543557449674,0.15,001e06323a12,humidity_airmar,100,4,1691,299,UTD_V2_2021_07_13_18_35_06
1.32119114045008,0.998161088010131,1.12861042884349,0.998717239802439,1.29416604959854,0.998233021943175,0.15,001e06323a12,temperature_airmarK,100,4,1606,283,UTD_V2_2021_07_13_18_36_42
0.000272767147097314,0.997239670676486,0.0002764791364824,0.997306283539244,0.000273328096346077,0.997247735059834,0.15,001e06323a12,pressure_airmarMBLog,100,4,1691,299,UTD_V2_2021_07_13_18_36_42
4.15869812508841,0.956188766569767,4.17238010323971,0.956304253487514,4.16075673162515,0.956185904415667,0.15,001e06323a12,humidity_airmar,100,4,1691,299,UTD_V2_2021_07_13_18_36_42
1.22535491170678,0.998415382190485,1.26181725572244,0.998358454905845,1.23088922000724,0.998406234514557,0.15,001e06323a12,temperature_airmarK,100,4,1605,283,UTD_V2_2021_07_13_18_41_50
0.000265252445775774,0.997363650237303,0.000264373728567408,0.997620768198363,0.000265120912161045,0.997405770992273,0.15,001e06323a12,pressure_airmarMBLog,100,4,1690,298,UTD_V2_2021_07_13_18_41_50
4.14147034645381,0.956910458154069,3.8375074294834,0.961376905726968,4.09736578837988,0.957543220880479,0.15,001e06323a12,humidity_airmar,100,4,1691,298,UTD_V2_2021_07_13_18_41_50
1.27966404427423,0.998269190597418,1.31607048259247,0.99820779960895,1.28518394559576,0.998257759071292,0.15,001e06323a12,temperature_airmarK,100,4,1606,283,UTD_V2_2021_07_13_18_43_58
0.000260493667840392,0.997462942662905,0.000294011142935929,0.997075031265011,0.000265789998838978,0.997393993500633,0.15,001e06323a12,pressure_airmarMBLog,100,4,1689,298,UTD_V2_2021_07_13_18_43_58
4.27221170416251,0.954056660138506,4.27440842387246,0.953141415184611,4.27254089749922,0.953919731252309,0.15,001e06323a12,humidity_airmar,100,4,1691,298,UTD_V2_2021_07_13_18_43_58
1.26463860039206,0.998311330289712,1.22144954183513,0.998438856865593,1.25825700383455,0.998335070849945,0.15,001e06323a12,temperature_airmarK,100,4,1610,284,UTD_V2_2021_07_13_18_45_47
0.000264717368099719,0.997402210225789,0.000272177307996742,0.997357195619169,0.000265848378759716,0.997395659731193,0.15,001e06323a12,pressure_airmarMBLog,100,4,1691,298,UTD_V2_2021_07_13_18_45_47
4.1969876218972,0.955630879432938,4.08107382369707,0.957850797781584,4.17978530404965,0.955967524190907,0.15,001e06323a12,humidity_airmar,100,4,1692,299,UTD_V2_2021_07_13_18_45_47
1.26478619021163,0.998327789728588,1.21673899934439,0.998357960830889,1.25769112112596,0.998332523501891,0.15,001e06323a12,temperature_airmarK,100,4,1608,284,UTD_V2_2021_07_13_18_46_50
0.000268531588973086,0.997357197269248,0.000274967903622988,0.997057152851446,0.00026950765278443,0.99731551191911,0.15,001e06323a12,pressure_airmarMBLog,100,4,1687,298,UTD_V2_2021_07_13_18_46_50
4.16400293206546,0.956054041829084,4.7224001053977,0.947850747002294,4.25254207140758,0.954380856738536,0.15,001e06323a12,humidity_airmar,100,4,1692,299,UTD_V2_2021_07_13_18_46_50
1.27451251318073,0.998306464132531,1.22292215149861,0.998327688077545,1.26689444193775,0.998309587483278,0.15,001e06323a12,temperature_airmarK,100,4,1606,284,UTD_V2_2021_07_13_18_48_16
0.000264655306079366,0.99738994006352,0.000269741383987861,0.997483852924077,0.000265423529925918,0.997403962396423,0.15,001e06323a12,pressure_airmarMBLog,100,4,1691,298,UTD_V2_2021_07_13_18_48_16
4.30627956948648,0.95383995616269,4.0054778572744,0.955273700731328,4.26256437533807,0.953962129824165,0.15,001e06323a12,humidity_airmar,100,4,1691,298,UTD_V2_2021_07_13_18_48_16
1.35361039907827,0.99806228162808,1.39684578912745,0.997997151698335,1.36017755500696,0.998052969375867,0.15,001e06323a12,temperature_airmarK,100,4,1611,284,UTD_V2_2021_07_13_18_50_58
0.000258772705456398,0.997529116832579,0.000274644336504251,0.997219481244054,0.000261214528352079,0.997486174468511,0.15,001e06323a12,pressure_airmarMBLog,100,4,1689,298,UTD_V2_2021_07_13_18_50_58
4.10295366037196,0.956971150662876,4.4724692060061,0.953914254573646,4.16051195117666,0.956435591700215,0.15,001e06323a12,humidity_airmar,100,4,1693,299,UTD_V2_2021_07_13_18_50_58
1.26743456878162,0.998307749189945,1.28876285936552,0.998248700067651,1.27065266019392,0.998298867770896,0.15,001e06323a12,temperature_airmarK,100,4,1606,283,UTD_V2_2021_07_13_18_52_44
0.00027044682427134,0.997350956094916,0.000280074513534518,0.996790518876549,0.000271910995256273,0.99727300658454,0.15,001e06323a12,pressure_airmarMBLog,100,4,1691,298,UTD_V2_2021_07_13_18_52_44
4.24044496336074,0.955063150790012,3.83308845762778,0.960653112841234,4.18185209366411,0.955866051864746,0.15,001e06323a12,humidity_airmar,100,4,1688,298,UTD_V2_2021_07_13_18_52_44
1.28380907382347,0.998253005248857,1.33749298473748,0.998220970887586,1.29200962667037,0.998244755187642,0.15,001e06323a12,temperature_airmarK,100,4,1608,284,UTD_V2_2021_07_13_18_53_45
0.000264962748170245,0.997404949852769,0.000274759170411264,0.997225115179592,0.000266454923843776,0.997378464592488,0.15,001e06323a12,pressure_airmarMBLog,100,4,1689,298,UTD_V2_2021_07_13_18_53_45
4.19965421693516,0.955073437295924,3.8800621174842,0.964267171158349,4.15322881452848,0.956429485849121,0.15,001e06323a12,humidity_airmar,100,4,1692,299,UTD_V2_2021_07_13_18_53_45
1.27889506076021,0.998271174336659,1.23638539355123,0.998444068296177,1.27259802352391,0.998297984982835,0.15,001e06323a12,temperature_airmarK,100,4,1606,284,UTD_V2_2021_07_13_19_12_01
0.000271925360180433,0.997282483766009,0.000250856139355679,0.99756371874282,0.000268872311310168,0.997327754261663,0.15,001e06323a12,pressure_airmarMBLog,100,4,1690,298,UTD_V2_2021_07_13_19_12_01
4.18825120909861,0.955837708103892,4.11820728311641,0.956026439844266,4.17780198917789,0.955838006874017,0.15,001e06323a12,humidity_airmar,100,4,1691,299,UTD_V2_2021_07_13_19_12_01
1.27153504254003,0.998272257742013,1.27679106625973,0.998436824261384,1.27232622278292,0.998296707829481,0.15,001e06323a12,temperature_airmarK,100,4,1606,284,UTD_V2_2021_07_13_19_19_23
0.000262756205327426,0.99748380883696,0.000277711650829433,0.996914592497978,0.00026505409083651,0.997403383998767,0.15,001e06323a12,pressure_airmarMBLog,100,4,1688,298,UTD_V2_2021_07_13_19_19_23
4.14777511122329,0.956558746563597,4.18041968307156,0.955224178800574,4.15268239645756,0.956331832101271,0.15,001e06323a12,humidity_airmar,100,4,1691,298,UTD_V2_2021_07_13_19_19_23
1.26807201322124,0.998290607878638,1.3922789786205,0.99809859996815,1.28750113230584,0.998257855878614,0.15,001e06323a12,temperature_airmarK,100,4,1606,284,UTD_V2_2021_07_13_19_20_41
0.000268616710456982,0.997318176258097,0.0002555763615095,0.997631208821941,0.000266700663400394,0.997372357385117,0.15,001e06323a12,pressure_airmarMBLog,100,4,1688,298,UTD_V2_2021_07_13_19_20_41
4.04876471433694,0.957874176048439,4.62528687133718,0.950056066802373,4.14051562365108,0.956611162020214,0.15,001e06323a12,humidity_airmar,100,4,1691,299,UTD_V2_2021_07_13_19_20_41
1.23339807686181,0.998395401687438,1.44906312411367,0.997802794689145,1.268130458455,0.998307245954773,0.15,001e06323a12,temperature_airmarK,100,4,1607,284,UTD_V2_2021_07_13_19_22_52
0.00026705312027892,0.997341649018437,0.000265793044375469,0.997542567793679,0.0002668645198492,0.997367142621389,0.15,001e06323a12,pressure_airmarMBLog,100,4,1689,298,UTD_V2_2021_07_13_19_22_52
4.09032479604592,0.957569204894049,4.48145365846062,0.951129610393786,4.15130342660897,0.956497246391656,0.15,001e06323a12,humidity_airmar,100,4,1690,298,UTD_V2_2021_07_13_19_22_52
1.25999625958237,0.998325326120298,1.18804808667249,0.998579746891891,1.24947747595857,0.998359409001725,0.15,001e06323a12,temperature_airmarK,100,4,1611,284,UTD_V2_2021_07_13_19_25_02
0.000269944696597093,0.997290075632147,0.000254317051162297,0.997737548631895,0.000267654878860228,0.997361008255787,0.15,001e06323a12,pressure_airmarMBLog,100,4,1691,299,UTD_V2_2021_07_13_19_25_02
4.11597751369504,0.957285090222401,3.98409217004429,0.959342934843746,4.09648835042373,0.957572176503622,0.15,001e06323a12,humidity_airmar,100,4,1691,298,UTD_V2_2021_07_13_19_25_02
1.29358631020513,0.998234784523252,1.3836033442595,0.998021783354021,1.30750106977654,0.998202477573306,0.15,001e06323a12,temperature_airmarK,100,4,1607,284,UTD_V2_2021_07_13_19_27_29
0.000274076595132682,0.997212099056369,0.000257487723608874,0.997686145248856,0.000271655708322933,0.997287644649169,0.15,001e06323a12,pressure_airmarMBLog,100,4,1691,298,UTD_V2_2021_07_13_19_27_29
4.09359437160784,0.958255568610798,4.28990407534882,0.949502437189208,4.12368678512191,0.957031143028864,0.15,001e06323a12,humidity_airmar,100,4,1691,299,UTD_V2_2021_07_13_19_27_29
1.26075479862243,0.9983020909665,1.21816454596656,0.998565471564144,1.25446066753768,0.998343311771699,0.15,001e06323a12,temperature_airmarK,100,4,1610,284,UTD_V2_2021_07_13_19_30_37
0.000270465426088079,0.997346186218059,0.00026887209960341,0.997113603380086,0.000270226746511154,0.997312128105402,0.15,001e06323a12,pressure_airmarMBLog,100,4,1692,299,UTD_V2_2021_07_13_19_30_37
4.23648791875488,0.954528985722693,4.19387593979833,0.957593032477479,4.23011602233843,0.954899943915085,0.15,001e06323a12,humidity_airmar,100,4,1692,299,UTD_V2_2021_07_13_19_30_37
1.31403488065902,0.998193587558714,1.26398715741396,0.998283340923786,1.30665908085205,0.998207571587588,0.15,001e06323a12,temperature_airmarK,100,4,1606,283,UTD_V2_2021_07_13_19_35_27
0.000270435783100951,0.997303625406673,0.000278770171891845,0.997101356701035,0.000271702664051803,0.997271864049775,0.15,001e06323a12,pressure_airmarMBLog,100,4,1688,298,UTD_V2_2021_07_13_19_35_27
4.10761130387933,0.957242666478878,4.22585958279296,0.955561626461285,4.12556161214122,0.956995092867713,0.15,001e06323a12,humidity_airmar,100,4,1689,298,UTD_V2_2021_07_13_19_35_27
0.63787501267977,0.999258509587225,0.673903770796324,0.999123931273988,0.643406630471427,0.999239306482595,0.15,001e06323a12,dewPoint_airmarK,100,4,2358,416,UTD_V2_2021_07_13_19_35_27
1.21263898859963,0.998472702906257,1.1353112199912,0.998558508270501,1.2013711726408,0.998483584419839,0.15,001e06323a12,temperature_airmarK,100,4,1606,283,UTD_V2_2021_07_13_19_38_43
0.000267355289759608,0.997364326322488,0.000249905785478906,0.997622087019643,0.00026480902890765,0.997403705213372,0.15,001e06323a12,pressure_airmarMBLog,100,4,1687,298,UTD_V2_2021_07_13_19_38_43
4.24156881623827,0.954313762832432,4.04175257013041,0.958214774765842,4.21223526728299,0.954922781379567,0.15,001e06323a12,humidity_airmar,100,4,1691,298,UTD_V2_2021_07_13_19_38_43
0.67077830163415,0.999171038735685,0.739343724118834,0.998974192824962,0.681491553970332,0.999142277583255,0.15,001e06323a12,dewPoint_airmarK,100,4,2366,417,UTD_V2_2021_07_13_19_38_43
1.30806922218677,0.998204471855152,1.38502140924655,0.997903346513872,1.31991886013007,0.998161794224745,0.15,001e06323a12,temperature_airmarK,100,4,1606,284,UTD_V2_2021_07_14_11_10_24
0.000266912644858855,0.997388746568638,0.000279713574503501,0.996953255583335,0.000268872294750616,0.997329187774451,0.15,001e06323a12,pressure_airmarMBLog,100,4,1688,298,UTD_V2_2021_07_14_11_10_24
4.1629036484042,0.956382553458822,4.31221915458577,0.951001781640235,4.18566713098618,0.955580820692537,0.15,001e06323a12,humidity_airmar,100,4,1692,299,UTD_V2_2021_07_14_11_10_24
1.25277487717872,0.998366797453788,1.31318464718752,0.998004754947025,1.26201419411608,0.998319741166193,0.15,001e06323a12,temperature_airmarK,100,4,1605,283,UTD_V2_2021_07_14_11_19_49
0.000269716836179321,0.997303488101753,0.000266605999260052,0.997441477889256,0.000269252813607195,0.997325536747863,0.15,001e06323a12,pressure_airmarMBLog,100,4,1690,298,UTD_V2_2021_07_14_11_19_49
4.16868442803789,0.956485148090337,4.31289916831246,0.951369560312287,4.19064769159321,0.955685667242177,0.15,001e06323a12,humidity_airmar,100,4,1693,299,UTD_V2_2021_07_14_11_19_49
0.616651831103491,0.999294530301604,0.732633809943721,0.999023636940363,0.635406838568226,0.999253984910251,0.15,001e06323a12,dewPoint_airmarK,100,4,2362,417,UTD_V2_2021_07_14_11_19_49
1.25346736823942,0.998327687242293,1.2412351040112,0.998489483418004,1.25163982768641,0.998353556839255,0.15,001e06323a12,temperature_airmarK,100,4,1609,284,UTD_V2_2021_07_14_11_22_52
0.000264381262117217,0.997457667351121,0.000286642496674056,0.996902527510579,0.000267842450827775,0.997367403309429,0.15,001e06323a12,pressure_airmarMBLog,100,4,1692,299,UTD_V2_2021_07_14_11_22_52
4.13182403485005,0.956546711852009,4.14349399303367,0.957503272833208,4.13357956397866,0.956663821640379,0.15,001e06323a12,humidity_airmar,100,4,1691,299,UTD_V2_2021_07_14_11_22_52
0.623839398407698,0.999297028792944,0.684652051100138,0.999080178375154,0.633323498542375,0.999266825885938,0.15,001e06323a12,dewPoint_airmarK,100,4,2366,417,UTD_V2_2021_07_14_11_22_52
1.34421834109929,0.998159177948475,1.29245734448922,0.998248974189219,1.33658454605213,0.998172173587159,0.15,001e06318cd1,temperature_airmarK,100,4,1695,299,UTD_V2_2021_07_14_11_24_15
0.000344719196353197,0.994879880353168,0.000701956122165721,0.982003147119472,0.000418324899439373,0.992639831884647,0.15,001e06318cd1,pressure_airmarMBLog,100,4,1635,289,UTD_V2_2021_07_14_11_24_15
3.40562378509411,0.971416150298523,3.10068037065931,0.976079793045743,3.36168318009063,0.972136634962127,0.15,001e06318cd1,humidity_airmar,100,4,1696,299,UTD_V2_2021_07_14_11_24_15
0.459017407340375,0.999606549603355,0.506039947823519,0.999546700634575,0.466372232596626,0.999596699883945,0.15,001e06318cd1,dewPoint_airmarK,100,4,2301,406,UTD_V2_2021_07_14_11_24_15
24.1972705052827,0.321731671471346,23.2857376816721,0.313610199245455,24.0627171815889,0.32051752948964,0.15,001e06305a61,temperature_airmarK,100,4,1541,272,UTD_V2_2021_07_14_11_25_32
0.00477208651770373,0.104890300822239,0.00473910941084651,0.143046128204242,0.00476714743494906,0.108817622332284,0.15,001e06305a61,pressure_airmarMBLog,100,4,1584,280,UTD_V2_2021_07_14_11_25_32
1.29235993181086,0.998209516323462,1.34971072165473,0.998189833259203,1.30113911827532,0.998206502017365,0.15,001e06323a12,temperature_airmarK,100,4,1606,284,UTD_V2_2021_07_14_11_27_06
0.000268067871799379,0.99734039252017,0.000274303150021252,0.997314513641738,0.000269013956387431,0.997336282500555,0.15,001e06323a12,pressure_airmarMBLog,100,4,1691,299,UTD_V2_2021_07_14_11_27_06
4.22528783100446,0.955216820577313,4.08240681247281,0.956575302425871,4.20412978270163,0.95541158718469,0.15,001e06323a12,humidity_airmar,100,4,1691,299,UTD_V2_2021_07_14_11_27_06
0.633962777308532,0.999248250176058,0.691799825817468,0.999169089271764,0.642973305209872,0.999235024734851,0.15,001e06323a12,dewPoint_airmarK,100,4,2362,417,UTD_V2_2021_07_14_11_27_06
1.31385427132804,0.998166149610938,1.27878924240553,0.998365854431681,1.30865533552476,0.998194606611155,0.15,001e06323a12,temperature_airmarK,100,4,1604,283,UTD_V2_2021_07_14_11_30_16
0.000264567473645899,0.997430953292525,0.000273054583450032,0.997132690670189,0.000265857163209126,0.997384578142304,0.15,001e06323a12,pressure_airmarMBLog,100,4,1684,297,UTD_V2_2021_07_14_11_30_16
4.14533736958044,0.957037019239447,4.19368227750558,0.95373247657283,4.15261644471504,0.956562171194927,0.15,001e06323a12,humidity_airmar,100,4,1691,298,UTD_V2_2021_07_14_11_30_16
0.598852729021935,0.999350450645581,0.681895978307272,0.999062617837407,0.612043641658071,0.999310957948379,0.15,001e06323a12,dewPoint_airmarK,100,4,2354,416,UTD_V2_2021_07_14_11_30_16
1.31133834430822,0.998220846613647,1.25107701534054,0.998204734081513,1.30247533237481,0.998211375176618,0.15,001e06323a12,temperature_airmarK,100,4,1609,284,UTD_V2_2021_07_14_11_33_00
0.000266411583841309,0.99735692592919,0.000236230538786583,0.998074641192421,0.000262106798958611,0.997463326426897,0.15,001e06323a12,pressure_airmarMBLog,100,4,1689,298,UTD_V2_2021_07_14_11_33_00
4.11302747353052,0.957125478687278,4.21184627966269,0.956328411336161,4.12801110786203,0.95706440114053,0.15,001e06323a12,humidity_airmar,100,4,1693,299,UTD_V2_2021_07_14_11_33_00
0.616895912398186,0.999302339514989,0.755718012568926,0.99890033377764,0.639623993921073,0.999244276402331,0.15,001e06323a12,dewPoint_airmarK,100,4,2354,415,UTD_V2_2021_07_14_11_33_00
1.28019404239125,0.998266064415662,1.25296574284247,0.998395059630239,1.27615253498863,0.998286190337529,0.15,001e06323a12,temperature_airmarK,100,4,1612,284,UTD_V2_2021_07_14_11_35_57
0.000266225708909496,0.997416442647973,0.000267990938614279,0.997207799596988,0.000266491416426203,0.997386569606166,0.15,001e06323a12,pressure_airmarMBLog,100,4,1693,299,UTD_V2_2021_07_14_11_35_57
4.18937541996125,0.955575870353301,4.14877304749699,0.955982859511245,4.18331730706345,0.955749408753813,0.15,001e06323a12,humidity_airmar,100,4,1691,298,UTD_V2_2021_07_14_11_35_57
0.630902444225316,0.999260291696141,0.64618706874532,0.999259900039132,0.633218658270669,0.99926021063408,0.15,001e06323a12,dewPoint_airmarK,100,4,2363,417,UTD_V2_2021_07_14_11_35_57
0.940116170003651,0.980656974968073,2.26813695451008,0.878367309529798,1.23390801615837,0.966240142786888,0.15,001e06323a12,pm1_palas,100,4,3306,583,UTD_V2_2021_07_14_11_35_57
1.26569894832271,0.998310212718067,1.27266198970009,0.99828556421905,1.26674510549689,0.998307267010729,0.15,001e06323a12,temperature_airmarK,100,4,1605,283,UTD_V2_2021_07_14_11_41_34
0.000271979037905439,0.997234544269878,0.000284507886933481,0.997215591361364,0.000273894583218023,0.997230840861514,0.15,001e06323a12,pressure_airmarMBLog,100,4,1689,298,UTD_V2_2021_07_14_11_41_34
4.20315054116259,0.95526896427662,3.98234647185101,0.960492034333348,4.17078065769497,0.956013720006868,0.15,001e06323a12,humidity_airmar,100,4,1689,298,UTD_V2_2021_07_14_11_41_34
0.599563489231921,0.999344879248521,0.672282592332106,0.999094170655294,0.611024689528451,0.99931051903956,0.15,001e06323a12,dewPoint_airmarK,100,4,2357,416,UTD_V2_2021_07_14_11_41_34
1.08481845063542,0.974072306052264,2.20603155223875,0.895647522862072,1.31544199465546,0.961865879492643,0.15,001e06323a12,pm1_palas,100,4,3303,583,UTD_V2_2021_07_14_11_41_34
2.18689370150223,0.930121861992859,3.28379339288013,0.845669066762276,2.38396054145034,0.916867837101645,0.15,001e06323a12,pm2_5_palas,100,4,3165,559,UTD_V2_2021_07_14_11_41_34
3.27641240589918,0.938561937503367,4.28004584988623,0.882944262928565,3.4457851350705,0.930589409307842,0.15,001e06323a12,pm4_palas,100,4,3323,587,UTD_V2_2021_07_14_11_41_34
7.19664424334471,0.882456859188432,11.1524491163909,0.754981349698809,7.91755327217729,0.860537848769861,0.15,001e06323a12,pm10_palas,100,4,3029,535,UTD_V2_2021_07_14_11_41_34
1.30739121400902,0.998247657612077,1.40925503263449,0.998060495523842,1.32317607085535,0.998205680199896,0.15,001e06318cd1,temperature_airmarK,100,4,1688,298,UTD_V2_2021_07_14_11_46_59
0.00043014277845246,0.992092380427656,0.000333647955535898,0.995701674193583,0.000417101051390856,0.992661744949849,0.15,001e06318cd1,pressure_airmarMBLog,100,4,1633,288,UTD_V2_2021_07_14_11_46_59
3.19932421581848,0.974837158802168,3.25402199441683,0.974003247010826,3.20758558591418,0.974652895109172,0.15,001e06318cd1,humidity_airmar,100,4,1695,299,UTD_V2_2021_07_14_11_46_59
0.471467891799598,0.999582803755689,0.513455590650532,0.999533842904183,0.478002826186356,0.99957399714192,0.15,001e06318cd1,dewPoint_airmarK,100,4,2300,406,UTD_V2_2021_07_14_11_46_59
1.3140760397141,0.959996296516107,2.18323536662245,0.891313058088253,1.47734117344814,0.949475163854592,0.15,001e06318cd1,pm1_palas,100,4,3572,630,UTD_V2_2021_07_14_11_46_59
1.90360003166259,0.946339827124393,2.32776419308489,0.928670925089076,1.97310338063315,0.943431868046343,0.15,001e06318cd1,pm2_5_palas,100,4,3391,599,UTD_V2_2021_07_14_11_46_59
2.81351108908849,0.958659534673488,3.2641793706841,0.942834598961232,2.88562427200059,0.956295183568636,0.15,001e06318cd1,pm4_palas,100,4,3597,635,UTD_V2_2021_07_14_11_46_59
3.33397777949774,0.975356382987079,14.4743257591522,0.658781456136473,6.39236810108343,0.913139398558574,0.15,001e06318cd1,pm10_palas,100,4,2897,511,UTD_V2_2021_07_14_11_46_59
24.0734951277287,0.323977543924479,22.9005400003201,0.345393963362681,23.9012853160864,0.326652514715855,0.15,001e06305a61,temperature_airmarK,100,4,1542,272,UTD_V2_2021_07_14_11_52_03
0.00477972037012321,0.111913998658775,0.00466630232441454,0.0787688934596528,0.00476290700954439,0.106062102838174,0.15,001e06305a61,pressure_airmarMBLog,100,4,1584,279,UTD_V2_2021_07_14_11_52_03
4.22186042878269,0.955393635282677,4.10565741945132,0.953597842014558,4.20462316124719,0.955240166787565,0.15,001e06305a61,humidity_airmar,100,4,1693,299,UTD_V2_2021_07_14_11_52_03
1.51980298646527,0.995448792984409,1.63719788422529,0.994714400791453,1.53796138426714,0.995336484515617,0.15,001e06305a61,dewPoint_airmarK,100,4,2077,366,UTD_V2_2021_07_14_11_52_03
1.36429242793507,0.959285441504342,2.57187977682953,0.860268591056284,1.60455065058067,0.943594064283391,0.15,001e06305a61,pm1_palas,100,4,3387,598,UTD_V2_2021_07_14_11_52_03
1.78745182516198,0.953780717264989,2.54378156585605,0.913281712149919,1.91990019060401,0.947160619844678,0.15,001e06305a61,pm2_5_palas,100,4,3244,572,UTD_V2_2021_07_14_11_52_03
3.00673180034767,0.951316494882489,3.34958571259649,0.93752221983069,3.06061806929368,0.949311674703432,0.15,001e06305a61,pm4_palas,100,4,3456,610,UTD_V2_2021_07_14_11_52_03
6.8047025190918,0.885337047037526,8.92268306106728,0.855420581147994,7.16247393447721,0.87929112686656,0.15,001e06305a61,pm10_palas,100,4,2765,488,UTD_V2_2021_07_14_11_52_03
1.35847720262272,0.996931700083267,1.20900114302935,0.997593071981235,1.33708880550935,0.997028956353024,0.15,001e06323a05,temperature_airmarK,100,4,1680,297,UTD_V2_2021_07_14_11_57_04
0.000230265065856476,0.998016710721458,0.000227383676955178,0.998103691184982,0.000229834942955558,0.998030943655429,0.15,001e06323a05,pressure_airmarMBLog,100,4,1682,297,UTD_V2_2021_07_14_11_57_04
3.02457763661797,0.975735027089626,3.24179239338352,0.974014204623528,3.05816591238278,0.975443781932367,0.15,001e06323a05,humidity_airmar,100,4,1693,299,UTD_V2_2021_07_14_11_57_04
0.418082448263307,0.999484941143097,0.436677611191263,0.999465233054475,0.420921725852834,0.999481823243215,0.15,001e06323a05,dewPoint_airmarK,100,4,2371,418,UTD_V2_2021_07_14_11_57_04
1.52487588571746,0.941151458333088,1.7359981484578,0.921360035445104,1.55834093472665,0.938202616092964,0.15,001e06323a05,pm1_palas,100,4,3046,537,UTD_V2_2021_07_14_11_57_04
2.27827392925842,0.906882452596264,2.83149711926127,0.864100274961392,2.36951505475266,0.900231216577681,0.15,001e06323a05,pm2_5_palas,100,4,2799,494,UTD_V2_2021_07_14_11_57_04
2.1270971332128,0.959987885094796,3.42160402111215,0.90066617581526,2.36677894315896,0.950735839743559,0.15,001e06323a05,pm4_palas,100,4,2823,498,UTD_V2_2021_07_14_11_57_04
3.78872890871681,0.96585745255278,10.2432455260954,0.794001514666438,5.28701972908763,0.935283846531957,0.15,001e06323a05,pm10_palas,100,4,2734,483,UTD_V2_2021_07_14_11_57_04
1.3759539862958,0.99795546896408,1.368194409528,0.998121343119438,1.37479284180649,0.99798182795286,0.15,001e06305a57,temperature_airmarK,100,4,1632,288,UTD_V2_2021_07_14_12_01_22
0.000323869672571816,0.99625919354861,0.000337819870429472,0.996126217559307,0.000325999904204362,0.996236436899626,0.15,001e06305a57,pressure_airmarMBLog,100,4,1689,298,UTD_V2_2021_07_14_12_01_22
2.99101990576423,0.976463318591763,3.18418458147697,0.973223253077335,3.02083225810252,0.9759748577958,0.15,001e06305a57,humidity_airmar,100,4,1674,296,UTD_V2_2021_07_14_12_01_22
0.500367864142628,0.999529587738954,0.542237856062679,0.999482323021805,0.506869678075837,0.999522456151136,0.15,001e06305a57,dewPoint_airmarK,100,4,2357,416,UTD_V2_2021_07_14_12_01_22
1.83024526713622,0.920596662905223,2.38634055709799,0.859317962981344,1.92398215175612,0.911625841886411,0.15,001e06305a57,pm1_palas,100,4,3749,662,UTD_V2_2021_07_14_12_01_22
1.46448783678039,0.967533870303099,2.2591027903185,0.929496663688383,1.60889643639663,0.961379489360592,0.15,001e06305a57,pm2_5_palas,100,4,3570,630,UTD_V2_2021_07_14_12_01_22
3.16331795943897,0.946798778245729,3.43752789421262,0.933974460971673,3.20595134620988,0.944938527400169,0.15,001e06305a57,pm4_palas,100,4,3762,664,UTD_V2_2021_07_14_12_01_22
2.41085339442347,0.986488030522663,8.91504287259245,0.822643873862659,4.10722050651613,0.960901149385921,0.15,001e06305a57,pm10_palas,100,4,3052,539,UTD_V2_2021_07_14_12_01_22
1.19876967296074,0.997189106528119,1.2212070760153,0.997024365999122,1.20216722724735,0.997162679228116,0.15,001e063059c2,temperature_airmarK,100,4,1646,291,UTD_V2_2021_07_14_12_06_54
0.000310988833044738,0.995679278503108,0.000303924248574149,0.996071996030047,0.000309938279422015,0.995743957314608,0.15,001e063059c2,pressure_airmarMBLog,100,4,1579,279,UTD_V2_2021_07_14_12_06_54
2.93918492289605,0.977394461668285,3.08240360355983,0.974873214781408,2.96109470376348,0.976973681341293,0.15,001e063059c2,humidity_airmar,100,4,1690,298,UTD_V2_2021_07_14_12_06_54
0.41342102541009,0.999398405667012,0.412477878523031,0.999391174317886,0.413279690589908,0.999397579471061,0.15,001e063059c2,dewPoint_airmarK,100,4,2346,414,UTD_V2_2021_07_14_12_06_54
1.06279803105197,0.97146949618671,1.35167720315036,0.957055010696537,1.1109033511495,0.969133798312843,0.15,001e063059c2,pm1_palas,100,4,3113,549,UTD_V2_2021_07_14_12_06_54
1.39895551459158,0.966156680392487,1.89150860558608,0.938151758253416,1.48324589720774,0.96195669479061,0.15,001e063059c2,pm2_5_palas,100,4,2881,508,UTD_V2_2021_07_14_12_06_54
2.57854993920976,0.941759701433002,2.844066301728,0.932921905220849,2.62010129869708,0.940364290841768,0.15,001e063059c2,pm4_palas,100,4,2912,514,UTD_V2_2021_07_14_12_06_54
1.68342573019447,0.993602199585365,8.3203343064137,0.846883944222392,3.57673430747817,0.971041178628978,0.15,001e063059c2,pm10_palas,100,4,2822,498,UTD_V2_2021_07_14_12_06_54
1.23812786490266,0.997242913821101,1.1875697485664,0.997678373423302,1.23067394958134,0.997304204687208,0.15,001e06318c28,temperature_airmarK,100,4,1620,286,UTD_V2_2021_07_14_12_11_44
0.00110626535513818,0.954765679344562,0.000455307619076152,0.99467043039444,0.00103498935516824,0.960975012198299,0.15,001e06318c28,pressure_airmarMBLog,100,4,1517,268,UTD_V2_2021_07_14_12_11_44
2.60545562971299,0.982136626131892,2.95479508377693,0.978699863618269,2.66077289572565,0.981569735370332,0.15,001e06318c28,humidity_airmar,100,4,1689,298,UTD_V2_2021_07_14_12_11_44
0.385838847078714,0.999541256322524,0.413512623460308,0.99946388121189,0.390110024861179,0.999529369680951,0.15,001e06318c28,dewPoint_airmarK,100,4,2145,378,UTD_V2_2021_07_14_12_11_44
1.32820104122999,0.956203146922723,1.91497176785028,0.908738487233931,1.43161247917031,0.948993757856891,0.15,001e06318c28,pm1_palas,100,4,3021,533,UTD_V2_2021_07_14_12_11_44
1.70922755436521,0.950021094395948,1.99236637201557,0.928744216090234,1.75457232202997,0.9468624014052,0.15,001e06318c28,pm2_5_palas,100,4,2774,489,UTD_V2_2021_07_14_12_11_44
0.973398356127203,0.991828545979984,3.50975571967605,0.882224131576698,1.62916070296961,0.976763857940144,0.15,001e06318c28,pm4_palas,100,4,2820,498,UTD_V2_2021_07_14_12_11_44
6.11045578651168,0.912392160741484,8.47821761336266,0.829340006170329,6.5207466260863,0.900023133207301,0.15,001e06318c28,pm10_palas,100,4,2691,475,UTD_V2_2021_07_14_12_11_44
1.33240914703032,0.996964994658399,1.24432422350673,0.997442015324561,1.31958445576955,0.997037658082026,0.15,001e06305a6b,temperature_airmarK,100,4,1668,294,UTD_V2_2021_07_14_12_16_11
0.000218219434849533,0.998235792786023,0.000232469406138501,0.998109181439247,0.000220416773378661,0.998215566002133,0.15,001e06305a6b,pressure_airmarMBLog,100,4,1682,297,UTD_V2_2021_07_14_12_16_11
2.87134470423759,0.978497783130709,3.47168351365004,0.97054866879367,2.96930498386266,0.977222114079196,0.15,001e06305a6b,humidity_airmar,100,4,1691,299,UTD_V2_2021_07_14_12_16_11
0.393254597458949,0.999533235054375,0.393933866222601,0.999544448388203,0.393356489258108,0.999534884730391,0.15,001e06305a6b,dewPoint_airmarK,100,4,2365,417,UTD_V2_2021_07_14_12_16_11
1.4234306540741,0.950181418805754,1.98924285083082,0.905857300150435,1.52179141956667,0.943292254069941,0.15,001e06305a6b,pm1_palas,100,4,3014,532,UTD_V2_2021_07_14_12_16_11
1.91121070586199,0.937136212829805,2.75834612225771,0.870248115385181,2.06053062146137,0.927022727901932,0.15,001e06305a6b,pm2_5_palas,100,4,2784,491,UTD_V2_2021_07_14_12_16_11
2.35106494020103,0.954170631736874,2.90300046905342,0.926456591633404,2.44189293875331,0.950199260218097,0.15,001e06305a6b,pm4_palas,100,4,2825,499,UTD_V2_2021_07_14_12_16_11
7.65818318407103,0.867651762735152,9.41518445576109,0.820086006783468,7.94644909789591,0.8599389548907,0.15,001e06305a6b,pm10_palas,100,4,2721,480,UTD_V2_2021_07_14_12_16_11
2.70441845975061,0.987647726671543,1.26624852141217,0.997423042289624,2.54121435515503,0.989089663053431,0.15,001e063239e3,temperature_airmarK,100,4,1565,276,UTD_V2_2021_07_14_12_20_36
0.000263006169691025,0.997446088193605,0.000266329064045704,0.997496416901885,0.000263507443198002,0.997457565686494,0.15,001e063239e3,pressure_airmarMBLog,100,4,1688,298,UTD_V2_2021_07_14_12_20_36
3.05137657221406,0.9753905535091,3.17079843693866,0.975621825719477,3.06957387790041,0.975387290036632,0.15,001e063239e3,humidity_airmar,100,4,1690,298,UTD_V2_2021_07_14_12_20_36
0.417366844663946,0.999487060253849,0.392623609435884,0.999516230596561,0.413747429335407,0.999490773028087,0.15,001e063239e3,dewPoint_airmarK,100,4,2265,400,UTD_V2_2021_07_14_12_20_36
1.19198349931559,0.964769984947434,2.06178502442108,0.901603586745944,1.35837872300898,0.954597494030555,0.15,001e063239e3,pm1_palas,100,4,3169,559,UTD_V2_2021_07_14_12_20_36
1.50998276903299,0.959045845677146,1.91183463814624,0.932345686144435,1.57682850130486,0.955114210273329,0.15,001e063239e3,pm2_5_palas,100,4,2900,512,UTD_V2_2021_07_14_12_20_36
1.94118801201266,0.96585374725032,2.47540697142005,0.951496024248239,2.03036034451377,0.963454326616968,0.15,001e063239e3,pm4_palas,100,4,2950,521,UTD_V2_2021_07_14_12_20_36
2.20823699647213,0.989045112089055,8.67505774418278,0.807924779364953,3.92813385775312,0.964673509577956,0.15,001e063239e3,pm10_palas,100,4,2874,507,UTD_V2_2021_07_14_12_20_36
1.29037477550614,0.997279655923438,1.29495080893689,0.997067076178611,1.29106279154039,0.997246229624438,0.15,001e06305a6c,temperature_airmarK,100,4,1687,298,UTD_V2_2021_07_14_12_25_02
0.00204694354408486,0.854696932433466,0.000725446005084035,0.99813404796664,0.00190793204178115,0.872323942890119,0.15,001e06305a6c,pressure_airmarMBLog,100,4,1433,253,UTD_V2_2021_07_14_12_25_02
3.45276955254788,0.968502785002238,3.84373617945056,0.962727278158757,3.51423966157972,0.967581567356569,0.15,001e06305a6c,humidity_airmar,100,4,1687,298,UTD_V2_2021_07_14_12_25_02
0.532456393765713,0.999192384260676,0.743465662845642,0.998410660290038,0.569165194496934,0.999075738548287,0.15,001e06305a6c,dewPoint_airmarK,100,4,2099,371,UTD_V2_2021_07_14_12_25_02
1.25208550613854,0.963587662390258,1.98263619484522,0.910465976005762,1.38645186841682,0.955223932035874,0.15,001e06305a6c,pm1_palas,100,4,3269,577,UTD_V2_2021_07_14_12_25_02
1.95384105413268,0.935603716603277,2.72318801598639,0.876019951601656,2.08749441756709,0.926558036031646,0.15,001e06305a6c,pm2_5_palas,100,4,3063,541,UTD_V2_2021_07_14_12_25_02
1.78662840541343,0.972350786163893,2.73158702156505,0.933821324954157,1.95781891790078,0.966643358742731,0.15,001e06305a6c,pm4_palas,100,4,3102,548,UTD_V2_2021_07_14_12_25_02
3.49423393138485,0.972515885615894,12.2802242999903,0.701128331818642,5.74599332888446,0.926491311070178,0.15,001e06305a6c,pm10_palas,100,4,3006,531,UTD_V2_2021_07_14_12_25_02
1.34450698102061,0.997989650878607,1.31864194390058,0.998040119137347,1.34065620209818,0.997997701926965,0.15,001e063239e6,temperature_airmarK,100,4,1540,272,UTD_V2_2021_07_14_12_29_42
0.000150105070737721,0.999051037752542,0.000155084055081733,0.998947005186285,0.000150861763298591,0.999035948685791,0.15,001e063239e6,pressure_airmarMBLog,100,4,1696,299,UTD_V2_2021_07_14_12_29_42
3.08804065401877,0.97313834806775,3.23398417933999,0.971060863565256,3.11040641185078,0.972818032987811,0.15,001e063239e6,humidity_airmar,100,4,1674,296,UTD_V2_2021_07_14_12_29_42
0.521409141899902,0.99946883993653,0.550145973903173,0.999374504166837,0.525823126181532,0.999455797248974,0.15,001e063239e6,dewPoint_airmarK,100,4,2242,396,UTD_V2_2021_07_14_12_29_42
1.11785187711174,0.959530436595464,1.27423730880681,0.95288543450732,1.14268259706694,0.958384544941856,0.15,001e063239e6,pm1_palas,100,4,3631,641,UTD_V2_2021_07_14_12_29_42
1.14471648753045,0.978053233376383,1.90132025650454,0.944690333680678,1.28693720103512,0.972630700689859,0.15,001e063239e6,pm2_5_palas,100,4,3625,640,UTD_V2_2021_07_14_12_29_42
2.55858087331805,0.9645660107754,3.12861631404017,0.944101105423679,2.65194359611963,0.961611799513329,0.15,001e063239e6,pm4_palas,100,4,3761,664,UTD_V2_2021_07_14_12_29_42
3.743296573239,0.94837764289278,9.98200008384746,0.683077790290235,5.18173595545867,0.903346628433463,0.15,001e063239e6,pm10_palas,100,4,2988,527,UTD_V2_2021_07_14_12_29_42
1.60992195374822,0.994880949212578,1.63243875409768,0.995498058928271,1.61332519322165,0.994983542822358,0.15,001e06305a0a,temperature_airmarK,100,4,1691,299,UTD_V2_2021_07_14_12_34_41
0.000150190203251345,0.999039314869892,0.000158347152925948,0.998941663175822,0.000151439871197827,0.999021659370956,0.15,001e06305a0a,pressure_airmarMBLog,100,4,1686,297,UTD_V2_2021_07_14_12_34_41
3.93732883669851,0.957526239107737,3.99453962087203,0.957747461689693,3.9459691653162,0.957554205633975,0.15,001e06305a0a,humidity_airmar,100,4,1676,296,UTD_V2_2021_07_14_12_34_41
0.450005001752901,0.999382062063356,0.507623418229442,0.999206920422035,0.459115517517373,0.999355691259824,0.15,001e06305a0a,dewPoint_airmarK,100,4,2344,414,UTD_V2_2021_07_14_12_34_41
1.48348045881352,0.927690524741437,1.81018857073168,0.904599443447903,1.53692046969596,0.923811344533627,0.15,001e06305a0a,pm1_palas,100,4,3621,639,UTD_V2_2021_07_14_12_34_41
1.83958120880216,0.944952010740638,2.37189314954946,0.908967451573061,1.92887905699477,0.939524997012739,0.15,001e06305a0a,pm2_5_palas,100,4,3533,624,UTD_V2_2021_07_14_12_34_41
2.68435904252648,0.958730824333392,3.88805260781895,0.918403741834694,2.89686965068842,0.952380080942628,0.15,001e06305a0a,pm4_palas,100,4,3334,588,UTD_V2_2021_07_14_12_34_41
5.57888872865219,0.9128499523762,5.74242858088304,0.911634556515464,5.60373264624259,0.912550748828651,0.15,001e06305a0a,pm10_palas,100,4,3240,572,UTD_V2_2021_07_14_12_34_41
1.3872766976592,0.99790032641812,1.35063513109443,0.998263785544649,1.38185089833584,0.997960512297923,0.15,001e06318cee,temperature_airmarK,100,4,1635,288,UTD_V2_2021_07_14_12_39_30
0.000158077357522228,0.998939792028662,0.000172862233079971,0.998709065121896,0.000160380465822089,0.998904484495026,0.15,001e06318cee,pressure_airmarMBLog,100,4,1690,298,UTD_V2_2021_07_14_12_39_30
2.79407515566853,0.979099927574748,3.04532824951198,0.974377672587699,2.83324286897337,0.978407086320741,0.15,001e06318cee,humidity_airmar,100,4,1680,297,UTD_V2_2021_07_14_12_39_30
0.454960415491938,0.999604439846779,0.487176910647286,0.999561783405698,0.459935556021082,0.99959804123392,0.15,001e06318cee,dewPoint_airmarK,100,4,2307,407,UTD_V2_2021_07_14_12_39_30
0.651417870269508,0.986313632076794,1.48159955454895,0.919785670516461,0.830722354598862,0.977312476716525,0.15,001e06318cee,pm1_palas,100,4,3885,686,UTD_V2_2021_07_14_12_39_30
1.19240291318246,0.975331276729203,1.64360264349955,0.945642490779957,1.2703185339171,0.971364278944224,0.15,001e06318cee,pm2_5_palas,100,4,3866,682,UTD_V2_2021_07_14_12_39_30
1.84770930133183,0.980530060754987,2.73066781127192,0.954944991034429,2.00515914099887,0.976879967562249,0.15,001e06318cee,pm4_palas,100,4,4027,711,UTD_V2_2021_07_14_12_39_30
4.99064373327315,0.899416423924828,5.12039567844977,0.888540470243841,5.01031557431306,0.897472364799791,0.15,001e06318cee,pm10_palas,100,4,3231,570,UTD_V2_2021_07_14_12_39_30
1.40116022447412,0.996005207990991,1.39360097905561,0.995993677156016,1.4000275720739,0.996002133373324,0.15,001e06318cf1,temperature_airmarK,100,4,1641,290,UTD_V2_2021_07_14_12_45_13
0.000153072886634239,0.998963778351233,0.000157492764284846,0.998918296218804,0.000153743968823073,0.998956081754584,0.15,001e06318cf1,pressure_airmarMBLog,100,4,1683,297,UTD_V2_2021_07_14_12_45_13
2.82360914012598,0.978472186532254,2.58106086150625,0.981127361283124,2.78851863593888,0.97886399126661,0.15,001e06318cf1,humidity_airmar,100,4,1680,297,UTD_V2_2021_07_14_12_45_13
0.470023530244106,0.999335383278309,0.496959557733001,0.999252887755437,0.474160502869458,0.999322598148393,0.15,001e06318cf1,dewPoint_airmarK,100,4,2358,416,UTD_V2_2021_07_14_12_45_13
1.27738032613833,0.948948750316344,1.96582807181953,0.894261383095914,1.40238251272008,0.939775467995551,0.15,001e06318cf1,pm1_palas,100,4,3201,565,UTD_V2_2021_07_14_12_45_13
1.98171540660151,0.914739025485759,2.44715529495731,0.874482716652895,2.05819320622271,0.908465868658803,0.15,001e06318cf1,pm2_5_palas,100,4,3250,573,UTD_V2_2021_07_14_12_45_13
2.06245739973119,0.976437575633975,3.13490992589843,0.942876529073028,2.25610927439422,0.97159417571251,0.15,001e06318cf1,pm4_palas,100,4,3399,600,UTD_V2_2021_07_14_12_45_13
4.42362256495489,0.928183173305743,10.8497988534742,0.670268434291211,5.85679136258416,0.87965895274522,0.15,001e06318cf1,pm10_palas,100,4,2627,464,UTD_V2_2021_07_14_12_45_13
1.38381092264275,0.99779956060605,1.43315372681969,0.997484843587463,1.39133941819966,0.997752918018924,0.15,001e063059c1,temperature_airmarK,100,4,1368,242,UTD_V2_2021_07_14_12_50_19
0.000205671418581278,0.99813882110381,0.000206933971930339,0.997944779816974,0.000205861454570757,0.99811205739235,0.15,001e063059c1,pressure_airmarMBLog,100,4,1687,298,UTD_V2_2021_07_14_12_50_19
2.56860743301494,0.981748069900592,2.62772042244254,0.980910385841423,2.57757294293582,0.981551875515239,0.15,001e063059c1,humidity_airmar,100,4,1669,295,UTD_V2_2021_07_14_12_50_19
0.489543091059161,0.999458205214304,0.538035796582217,0.999397362403877,0.497123649734842,0.999448301262103,0.15,001e063059c1,dewPoint_airmarK,100,4,2129,376,UTD_V2_2021_07_14_12_50_19
0.905350333112823,0.971761526099034,1.54119507067409,0.920716937627817,1.02613458297969,0.963897642202099,0.15,001e063059c1,pm1_palas,100,4,3928,693,UTD_V2_2021_07_14_12_50_19
1.10233476789932,0.96892790826804,2.05530954324085,0.888738543397491,1.29106058207928,0.957187585432826,0.15,001e063059c1,pm2_5_palas,100,4,3969,701,UTD_V2_2021_07_14_12_50_19
1.94077379417341,0.975503709649007,2.28063219696528,0.962925229120256,1.99546452972269,0.973751675962098,0.15,001e063059c1,pm4_palas,100,4,4135,730,UTD_V2_2021_07_14_12_50_19
2.54448743267664,0.970880960373193,4.40559730503113,0.896354790962574,2.90099959676168,0.961159430641785,0.15,001e063059c1,pm10_palas,100,4,3341,590,UTD_V2_2021_07_14_12_50_19
1.43196504740924,0.997604222788035,1.45203607153989,0.99762569497986,1.43499779082863,0.997605978066171,0.15,001e063239e4,temperature_airmarK,100,4,1635,289,UTD_V2_2021_07_14_12_56_18
0.00327586472591466,0.543736188364825,0.00224814516940014,0.998974272396425,0.00314328469694829,0.583188843919653,0.15,001e063239e4,pressure_airmarMBLog,100,4,1395,246,UTD_V2_2021_07_14_12_56_18
8.45088615589725,0.801865285780036,7.64737459905114,0.834009876833196,8.33518111288113,0.806528780992449,0.15,001e063239e4,humidity_airmar,100,4,1681,297,UTD_V2_2021_07_14_12_56_18
2.22218749865662,0.99088204469283,2.71154416662381,0.985534124032749,2.30220990306183,0.990108898120657,0.15,001e063239e4,dewPoint_airmarK,100,4,2052,362,UTD_V2_2021_07_14_12_56_18
1.27746799140825,0.951104770349388,2.12016526075238,0.862235722511474,1.43579883131523,0.937922289338466,0.15,001e063239e4,pm1_palas,100,4,3110,549,UTD_V2_2021_07_14_12_56_18
1.65497519058161,0.928286289445368,3.13432435147575,0.756706183520023,1.94959817407703,0.89968671857037,0.15,001e063239e4,pm2_5_palas,100,4,3142,554,UTD_V2_2021_07_14_12_56_18
1.7977065714218,0.931597832549759,2.57771140489235,0.868339074954251,1.9348092438828,0.921563116142702,0.15,001e063239e4,pm4_palas,100,4,3067,541,UTD_V2_2021_07_14_12_56_18
4.03926896985281,0.81983596724896,7.51597345026499,0.488412600501594,4.72708193270789,0.758490637842303,0.15,001e063239e4,pm10_palas,100,4,2939,519,UTD_V2_2021_07_14_12_56_18
0.941992418593669,0.9957179102101,0.821126294948877,0.996780434337555,0.924896410185991,0.995873885280336,0.15,001e06323952,temperature_airmarK,100,4,1669,294,UTD_V2_2021_07_14_13_00_50
6.28170590463647e-05,0.999642862112877,6.30724018604476e-05,0.999673234332666,6.28553679781818e-05,0.99964880031021,0.15,001e06323952,pressure_airmarMBLog,100,4,1669,294,UTD_V2_2021_07_14_13_00_50
1.78551579141761,0.990577816308905,2.00440983887381,0.987420673422346,1.82001117781418,0.990127914920559,0.15,001e06323952,humidity_airmar,100,4,1633,288,UTD_V2_2021_07_14_13_00_50
0.345085427607221,0.999360077767627,0.385401732015445,0.999239754744933,0.351429421680121,0.999341358210238,0.15,001e06323952,dewPoint_airmarK,100,4,2266,400,UTD_V2_2021_07_14_13_00_50
0.297765570708882,0.956141005520541,0.58468637607728,0.85661332181864,0.355865259920403,0.938151084565034,0.15,001e06323952,pm1_palas,100,4,3236,571,UTD_V2_2021_07_14_13_00_50
0.2203671644535,0.982370971467669,0.685231567064093,0.840203947222356,0.334219854325817,0.959683891697773,0.15,001e06323952,pm2_5_palas,100,4,3049,538,UTD_V2_2021_07_14_13_00_50
0.530931549542321,0.967439079007353,0.933399990653602,0.897680467915232,0.608465479815197,0.957108818388986,0.15,001e06323952,pm4_palas,100,4,2915,514,UTD_V2_2021_07_14_13_00_50
3.36843333869133,0.822163360766851,3.50890654349245,0.76974631750102,3.38986279324958,0.814006764072929,0.15,001e06323952,pm10_palas,100,4,2875,507,UTD_V2_2021_07_14_13_00_50
1.47451662785821,0.997316059325102,1.48950757043714,0.99725813098809,1.47677797753837,0.997298859583706,0.15,001e06323a06,temperature_airmarK,100,4,1488,263,UTD_V2_2021_07_17_11_49_22
0.00186646941702295,0.850142421444291,0.000789024534344113,0.998843854124729,0.00174757669389225,0.870159098003593,0.15,001e06323a06,pressure_airmarMBLog,100,4,1426,252,UTD_V2_2021_07_17_11_49_22
2.31360332542006,0.984779636647916,2.45173747192088,0.983178854007555,2.33486977751962,0.984532635988444,0.15,001e06323a06,humidity_airmar,100,4,1658,293,UTD_V2_2021_07_17_11_49_22
0.521398047045659,0.999421844275941,0.601056229192838,0.999213604459556,0.534087749167775,0.999391924009067,0.15,001e06323a06,dewPoint_airmarK,100,4,1890,333,UTD_V2_2021_07_17_11_49_22
1.52451253614742,0.997131044197407,1.56754091985109,0.996845028411009,1.53104512574315,0.997088820120069,0.15,001e06323a06,temperature_airmarK,100,4,1490,263,UTD_V2_2021_07_17_11_53_08
0.0018678683146865,0.849024898555387,0.000773993681045959,0.998838544100995,0.00174803455342568,0.869205650714878,0.15,001e06323a06,pressure_airmarMBLog,100,4,1423,251,UTD_V2_2021_07_17_11_53_08
2.33278169704498,0.984421030540722,2.34881595238711,0.985128905828487,2.33519096769422,0.984509682574781,0.15,001e06323a06,humidity_airmar,100,4,1657,292,UTD_V2_2021_07_17_11_53_08
0.61899677633059,0.999212209981739,0.642571025582148,0.999087731204122,0.622584986834924,0.999195172610995,0.15,001e06323a06,dewPoint_airmarK,100,4,1890,333,UTD_V2_2021_07_17_11_53_08
1.38513338839928,0.938040601948645,1.78068829995634,0.895781193345957,1.45137604111186,0.931535974471626,0.15,001e06323a06,pm1_palas,100,4,3580,632,UTD_V2_2021_07_17_11_53_08
1.10006316524428,0.965005136379688,1.7204549879915,0.917212769214937,1.21358123701039,0.957505528806847,0.15,001e06323a06,pm2_5_palas,100,4,3573,631,UTD_V2_2021_07_17_11_53_08
2.31491430635838,0.883251199751144,2.61372644371102,0.848142317360743,2.36214331796012,0.877859378919102,0.15,001e06323a06,pm4_palas,100,4,3508,619,UTD_V2_2021_07_17_11_53_08
3.78755061651496,0.825533088684515,4.84572813876881,0.724461579471819,3.96423882771657,0.809599019215545,0.15,001e06323a06,pm10_palas,100,4,3419,603,UTD_V2_2021_07_17_11_53_08
1.50597166053754,0.997251818743872,1.4431866461721,0.997149145706892,1.4967165431169,0.997237781344402,0.15,001e06323a06,temperature_airmarK,100,4,1495,264,UTD_V2_2021_07_17_12_01_50
0.00186778978698778,0.850477013385167,0.000759521931355206,0.9988497129666,0.00174688688411138,0.870260772090095,0.15,001e06323a06,pressure_airmarMBLog,100,4,1427,252,UTD_V2_2021_07_17_12_01_50
2.32848674604926,0.984824579906819,2.18264840222965,0.985625801671925,2.3072060427988,0.984947499777528,0.15,001e06323a06,humidity_airmar,100,4,1661,293,UTD_V2_2021_07_17_12_01_50
1.35190204822211,0.997096722770687,1.27548585737629,0.997384391656562,1.34072484139506,0.99713687583881,0.15,001e06305a12,temperature_airmarK,100,4,1690,298,UTD_V2_2021_07_17_15_08_19
